HomeTeam,AwayTeam,match_date,market,probability_%,pro_tier,real_odds,ev_%
Cagliari,Juventus,2026-10-11,goals_over_25,58.6,PRO_MEDIUM,2.0,17.2
Lazio,Monza,2026-10-11,goals_over_25,61.1,PRO_MEDIUM,1.91,16.7
Alanyaspor,Erzurum Bb,2026-10-10,btts,55.4,PRO_MEDIUM,2.0,10.8
Elche,Celta,2026-10-11,goals_under_25,61.4,PRO_MEDIUM,1.8,10.5
Leverkusen,Freiburg,2026-10-18,home_win,66.8,PRO_MEDIUM,1.65,10.2
Arsenal,Leeds,2026-10-10,goals_over_25,63.7,PRO_MEDIUM,1.73,10.2
Lecce,Bologna,2026-10-11,away_win,57.8,PRO_MEDIUM,1.9,9.8
Panetolikos,Olympiakos,2026-10-18,goals_over_25,59.1,PRO_MEDIUM,1.85,9.3
Alaves,Ath Madrid,2026-10-10,away_win,57.4,PRO_MEDIUM,1.9,9.1
Famalicao,Alverca,2026-10-12,home_win,59.5,PRO_MEDIUM,1.83,8.9
Lazio,Monza,2026-10-11,btts,55.7,PRO_MEDIUM,1.95,8.6
Le Havre,Auxerre,2026-10-18,goals_under_25,56.5,PRO_MEDIUM,1.91,7.9
Aston Villa,Brentford,2026-10-10,dc_x2,71.4,PRO_MEDIUM,1.5,7.1
Rio Ave,Nacional,2026-10-11,goals_under_25,62.9,PRO_MEDIUM,1.7,6.9
Lyon,Nice,2026-10-18,home_win,64.5,PRO_MEDIUM,1.65,6.4
Samsunspor,Trabzonspor,2026-10-10,away_win,55.7,PRO_MEDIUM,1.91,6.4
Kalamata,Ofi Crete,2026-10-18,dc_x2,67.8,PRO_MEDIUM,1.57,6.4
Betis,Osasuna,2026-10-11,home_win,64.4,PRO_MEDIUM,1.65,6.3
Maritimo,Porto,2026-10-10,goals_over_25,57.4,PRO_MEDIUM,1.85,6.2
M'Gladbach,Hoffenheim,2026-10-18,away_win,57.3,PRO_MEDIUM,1.85,6.0
Man United,Tottenham,2026-10-10,dc_12,84.8,PRO_STRONG,1.25,6.0
Lyon,Nice,2026-10-18,goals_over_25,61.0,PRO_MEDIUM,1.73,5.5
Arsenal,Leeds,2026-10-10,home_win,76.4,PRO_STRONG,1.38,5.4
Sheffield United,Lincoln,2026-10-10,dc_x2,58.5,PRO_MEDIUM,1.8,5.3
Watford,Burnley,2026-10-10,dc_12,80.9,PRO_STRONG,1.3,5.2
Olympiakos,Panathinaikos,2026-10-11,goals_under_25,61.8,PRO_MEDIUM,1.7,5.1
Monaco,Toulouse,2026-10-10,home_win,62.9,PRO_MEDIUM,1.67,5.0
Cagliari,Juventus,2026-10-11,away_win,66.6,PRO_MEDIUM,1.57,4.6
Brighton,Crystal Palace,2026-10-18,home_win,67.5,PRO_MEDIUM,1.55,4.6
Alanyaspor,Erzurum Bb,2026-10-10,dc_x2,58.1,PRO_MEDIUM,1.8,4.6
Dortmund,Werder Bremen,2026-10-09,home_win,76.9,PRO_STRONG,1.36,4.6
Hamburg,Stuttgart,2026-10-17,away_win,57.1,PRO_MEDIUM,1.83,4.5
Zwolle,Cambuur,2026-10-11,dc_x2,57.1,PRO_MEDIUM,1.83,4.5
Man United,Tottenham,2026-10-10,home_win,61.4,PRO_MEDIUM,1.7,4.4
Fulham,Hull,2026-10-17,home_win,63.2,PRO_MEDIUM,1.65,4.3
Charlton,Bristol City,2026-10-10,dc_12,78.3,PRO_STRONG,1.33,4.1
West Ham,QPR,2026-10-09,dc_12,85.2,PRO_STRONG,1.22,3.9
Iraklis,Levadeiakos,2026-10-11,dc_x2,62.2,PRO_MEDIUM,1.67,3.9
Rizespor,Fenerbahce,2026-10-10,goals_over_25,62.1,PRO_MEDIUM,1.67,3.7
Leverkusen,Freiburg,2026-10-18,dc_12,84.9,PRO_STRONG,1.22,3.6
Kifisia,Aris,2026-10-18,dc_1x,67.7,PRO_MEDIUM,1.53,3.6
Bolton,Stoke,2026-10-10,dc_12,79.6,PRO_STRONG,1.3,3.5
Crystal Palace,Nottingham,2026-10-11,goals_under_25,57.5,PRO_MEDIUM,1.8,3.5
Asteras Tripolis,Atromitos,2026-10-10,dc_x2,67.6,PRO_MEDIUM,1.53,3.4
Hull,Everton,2026-10-11,dc_12,79.5,PRO_STRONG,1.3,3.4
Bournemouth,Sunderland,2026-10-18,dc_x2,57.4,PRO_MEDIUM,1.8,3.3
Dundee United,Hibernian,2026-10-10,dc_x2,68.8,PRO_MEDIUM,1.5,3.2
Cercle Brugge,Anderlecht,2026-10-10,dc_12,79.3,PRO_STRONG,1.3,3.1
Juventus,Lazio,2026-10-18,home_win,63.6,PRO_MEDIUM,1.62,3.0
Racing Santander,Valencia,2026-10-11,dc_x2,57.2,PRO_MEDIUM,1.8,3.0
Rizespor,Fenerbahce,2026-10-10,away_win,59.5,PRO_MEDIUM,1.73,2.9
Zwolle,Go Ahead Eagles,2026-10-18,dc_1x,63.5,PRO_MEDIUM,1.62,2.9
Benfica,Guimaraes,2026-10-11,home_win,82.2,PRO_STRONG,1.25,2.8
Levante,Sevilla,2026-10-12,dc_x2,71.3,PRO_MEDIUM,1.44,2.7
Cagliari,Juventus,2026-10-11,dc_12,80.1,PRO_STRONG,1.28,2.5
Rizespor,Fenerbahce,2026-10-10,dc_12,80.1,PRO_STRONG,1.28,2.5
Preston,Millwall,2026-10-10,dc_x2,71.1,PRO_MEDIUM,1.44,2.4
Union Berlin,Elversberg,2026-10-10,dc_12,78.8,PRO_STRONG,1.3,2.4
Espanol,Ath Madrid,2026-10-17,away_win,55.3,PRO_MEDIUM,1.85,2.3
Lens,Lyon,2026-10-09,dc_12,79.9,PRO_STRONG,1.28,2.3
Troyes,Marseille,2026-10-11,away_win,55.9,PRO_MEDIUM,1.83,2.3
Lazio,Monza,2026-10-11,home_win,62.0,PRO_MEDIUM,1.65,2.3
Sparta Rotterdam,Willem Ii,2026-10-17,home_win,66.8,PRO_MEDIUM,1.53,2.2
Famalicao,Alverca,2026-10-12,dc_12,78.6,PRO_STRONG,1.3,2.2
Benfica,Guimaraes,2026-10-11,dc_12,89.6,PRO_STRONG,1.14,2.1
Lille,Brest,2026-10-17,home_win,63.8,PRO_MEDIUM,1.6,2.1
Lorient,Paris FC,2026-10-10,dc_12,78.5,PRO_STRONG,1.3,2.1
Samsunspor,Trabzonspor,2026-10-10,dc_12,79.6,PRO_STRONG,1.28,1.9
Schalke 04,Mainz,2026-10-17,dc_x2,72.8,PRO_MEDIUM,1.4,1.9
Excelsior,Groningen,2026-10-11,dc_12,79.6,PRO_STRONG,1.28,1.9
Napoli,Frosinone,2026-10-10,dc_1x,90.9,PRO_STRONG,1.12,1.8
Lecce,Bologna,2026-10-11,dc_12,78.2,PRO_STRONG,1.3,1.7
Hibernian,Falkirk,2026-10-17,home_win,59.8,PRO_MEDIUM,1.7,1.7
Sassuolo,Milan,2026-10-11,away_win,58.1,PRO_MEDIUM,1.75,1.7
Kilmarnock,Motherwell,2026-10-17,dc_12,79.4,PRO_STRONG,1.28,1.6
PAOK,Iraklis,2026-10-18,dc_12,86.8,PRO_STRONG,1.17,1.6
Rennes,Auxerre,2026-10-11,home_win,72.6,PRO_MEDIUM,1.4,1.6
Royale Union SG,Leuven,2026-10-11,home_win,81.3,PRO_STRONG,1.25,1.6
Zwolle,Go Ahead Eagles,2026-10-18,dc_x2,72.5,PRO_MEDIUM,1.4,1.5
Malaga,Espanol,2026-10-09,goals_under_25,58.6,PRO_MEDIUM,1.73,1.4
Rb Leipzig,Ein Frankfurt,2026-10-10,home_win,67.5,PRO_MEDIUM,1.5,1.3
Derby,Wrexham,2026-10-10,dc_12,74.5,PRO_MEDIUM,1.36,1.3
Milan,Atalanta,2026-10-18,dc_1x,83.0,PRO_STRONG,1.22,1.3
Union Berlin,Dortmund,2026-10-17,away_win,61.4,PRO_MEDIUM,1.65,1.3
Atalanta,Venezia,2026-10-12,home_win,61.4,PRO_MEDIUM,1.65,1.3
Dortmund,Werder Bremen,2026-10-09,dc_1x,92.0,PRO_STRONG,1.1,1.2
Besiktas,Kocaelispor,2026-10-11,dc_12,88.5,PRO_STRONG,1.14,0.9
Freiburg,Schalke 04,2026-10-11,dc_12,80.7,PRO_STRONG,1.25,0.9
Torino,Udinese,2026-10-12,goals_under_25,58.3,PRO_MEDIUM,1.73,0.9
Lyon,Nice,2026-10-18,dc_12,80.7,PRO_STRONG,1.25,0.9
West Ham,QPR,2026-10-09,home_win,65.1,PRO_MEDIUM,1.55,0.9
Royale Union SG,Leuven,2026-10-11,dc_12,88.4,PRO_STRONG,1.14,0.8
Arsenal,Leeds,2026-10-10,dc_1x,91.5,PRO_STRONG,1.1,0.7
Preston,Millwall,2026-10-10,dc_12,75.7,PRO_STRONG,1.33,0.7
Getafe,Vallecano,2026-10-19,dc_x2,69.9,PRO_MEDIUM,1.44,0.7
Galatasaray,Kasimpasa,2026-10-09,home_win,80.6,PRO_STRONG,1.25,0.7
Galatasaray,Kasimpasa,2026-10-09,btts,55.0,PRO_MEDIUM,1.83,0.7
Galatasaray,Kasimpasa,2026-10-09,dc_12,88.3,PRO_STRONG,1.14,0.7
Celta,Alaves,2026-10-18,dc_x2,55.0,PRO_MEDIUM,1.83,0.7
Man City,Ipswich,2026-10-17,dc_12,89.8,PRO_STRONG,1.12,0.6
Sunderland,Brighton,2026-10-10,dc_12,77.4,PRO_STRONG,1.3,0.6
Alaves,Ath Madrid,2026-10-10,dc_x2,80.4,PRO_STRONG,1.25,0.5
Brighton,Crystal Palace,2026-10-18,dc_12,82.4,PRO_STRONG,1.22,0.5
Betis,Osasuna,2026-10-11,dc_1x,85.2,PRO_STRONG,1.18,0.5
Udinese,Lecce,2026-10-18,dc_1x,82.4,PRO_STRONG,1.22,0.5
Panetolikos,Olympiakos,2026-10-18,dc_12,83.7,PRO_STRONG,1.2,0.4
Mechelen,St Truiden,2026-10-11,dc_12,77.8,PRO_STRONG,1.29,0.4
Coventry,Newcastle,2026-10-12,dc_12,78.4,PRO_STRONG,1.28,0.4
Bologna,Inter,2026-10-17,away_win,60.8,PRO_MEDIUM,1.65,0.3
Arsenal,Leeds,2026-10-10,dc_12,85.0,PRO_STRONG,1.18,0.3
Brest,Angers,2026-10-10,dc_1x,82.2,PRO_STRONG,1.22,0.3
Freiburg,Schalke 04,2026-10-11,home_win,62.7,PRO_MEDIUM,1.6,0.3
Falkirk,Dundee,2026-10-10,dc_x2,59.0,PRO_MEDIUM,1.7,0.3
Valencia,Ath Bilbao,2026-10-17,goals_under_25,55.7,PRO_MEDIUM,1.8,0.3
Parma,Torino,2026-10-19,dc_12,73.7,PRO_MEDIUM,1.36,0.2
Ipswich,Fulham,2026-10-10,dc_x2,71.6,PRO_MEDIUM,1.4,0.2
Aberdeen,St Mirren,2026-10-17,dc_1x,80.1,PRO_STRONG,1.25,0.1
M'Gladbach,Hoffenheim,2026-10-18,dc_x2,78.2,PRO_STRONG,1.28,0.1
Motherwell,Celtic,2026-10-11,away_win,64.6,PRO_MEDIUM,1.55,0.1
Southampton,Portsmouth,2026-10-11,dc_12,80.1,PRO_STRONG,1.25,0.1
